{
	"format_version": "1.8.0",
	"animations": {
		"spawn_from_ground": {
			"animation_length": 0.91667,
			"bones": {
				"block": {
					"rotation": {
						"0.0": {
							"vector": [0, 0, 0]
						},
						"0.25": {
							"vector": [3.8378, 14.94159, 5.17544]
						},
						"0.375": {
							"vector": [4.66818, 37.38178, 7.02266]
						},
						"0.5": {
							"vector": [16.81639, 52.55556, 25.93477]
						},
						"0.75": {
							"vector": [-10.34679, 53.72848, -7.66533]
						}
					},
					"position": {
						"0.0": {
							"vector": [0, 0, 0]
						},
						"0.25": {
							"vector": [0, 3, 0]
						},
						"0.375": {
							"vector": [0, 3, 0]
						},
						"0.625": {
							"vector": [0, 2, 0]
						},
						"0.9167": {
							"vector": [0, 0.5, 0]
						}
					},
					"scale": {
						"vector": [0.9, 0.9, 0.9]
					}
				},
				"eyelid": {
					"rotation": {
						"0.0": {
							"vector": [0, 0, 0]
						},
						"0.375": {
							"vector": [0, 40, 0]
						},
						"0.5": {
							"vector": [163.60994, 33.38062, -178.73988]
						},
						"0.75": {
							"vector": [186.10994, 33.38062, -178.73988]
						}
					},
					"position": {
						"0.0": {
							"vector": [0, -3, 3]
						},
						"0.375": {
							"vector": [2, 1, 3]
						},
						"0.4167": {
							"vector": [-0.26, 3.8, 2.76]
						},
						"0.4583": {
							"vector": [1.47, -1.4, -1.17]
						},
						"0.5": {
							"vector": [1.2, 2.8, 2.3]
						},
						"0.5833": {
							"vector": [0.7, 2.13, 2.3]
						},
						"0.625": {
							"vector": [0.7, 1.8, 3.2]
						},
						"0.75": {
							"vector": [-0.8, 1.8, 4.3]
						},
						"0.7917": {
							"vector": [0.07, 1.8, 4.23]
						},
						"0.8333": {
							"vector": [0.95, 1.8, 2.32]
						},
						"0.9167": {
							"vector": [2.7, 1.3, 0]
						}
					},
					"scale": {
						"0.0": {
							"vector": [0.3, 0.2, 0.1]
						},
						"0.5": {
							"vector": [1.2, 1.3, 0.8]
						}
					}
				},
				"eye": {
					"rotation": {
						"0.0": {
							"vector": [0, 0, 0]
						},
						"0.5": {
							"vector": [163.80571, 34.12732, -178.56933]
						},
						"0.625": {
							"vector": [162.73929, 38.9162, -180.35958]
						},
						"0.75": {
							"vector": [187.73929, 38.9162, -180.35958]
						}
					},
					"position": {
						"0.0": {
							"vector": [0, 3, 2]
						},
						"0.125": {
							"vector": [0, 7, 8]
						},
						"0.2083": {
							"vector": [0, 9.33, 8]
						},
						"0.25": {
							"vector": [0, 10, 9]
						},
						"0.2917": {
							"vector": [-2, 8, 7]
						},
						"0.3333": {
							"vector": [-5, 6.5, 4.5]
						},
						"0.375": {
							"vector": [-5, 6, 2]
						},
						"0.5": {
							"vector": [0, 2.9, 3.8]
						},
						"0.625": {
							"vector": [0, 1.7, 4.5]
						},
						"0.75": {
							"vector": [0.8, 3, 2.6]
						},
						"0.7917": {
							"vector": [1.5, 3, 3.1]
						},
						"0.8333": {
							"vector": [0.8, 3, -0.4]
						}
					},
					"scale": {
						"0.0": {
							"vector": [1, 1, 1]
						},
						"0.75": {
							"vector": [0.8, 0.9, 1.1]
						}
					}
				}
			}
		}
	},
	"geckolib_format_version": 2
}