{
	"format_version": "1.8.0",
	"animations": {
		"animation_staff_in_hands": {
			"animation_length": 2.45833,
			"bones": {
				"Head": {
					"rotation": {
						"0.0": {
							"vector": [0, 0, 0]
						},
						"0.25": {
							"vector": [17.5, 17.5, 0]
						},
						"0.5": {
							"vector": [20.7209, 18.94586, 11.66213]
						},
						"0.75": {
							"vector": [18.54, 29.67345, -7.68477]
						},
						"1.25": {
							"vector": [3.54, 29.67345, -7.68477]
						},
						"1.5": {
							"vector": [14.33405, -28.40944, 12.41894]
						},
						"1.5833": {
							"vector": [13.46007, 41.75152, -9.3212]
						},
						"1.6667": {
							"vector": [15.66123, 14.8939, -2.59296]
						},
						"1.875": {
							"vector": [9.08644, 14.15908, 2.51622]
						},
						"1.9583": {
							"vector": [-9.33877, 14.8939, -2.59296]
						},
						"2.0417": {
							"vector": [35.66123, 14.8939, -2.59296]
						},
						"2.1667": {
							"vector": [20.66123, 14.8939, -2.59296]
						},
						"2.25": {
							"vector": [0, 0, 0]
						}
					}
				},
				"tentacle_bread": {
					"rotation": {
						"0.0": {
							"vector": [0, 0, 0]
						},
						"1.5": {
							"vector": [-1.32, 0, 0]
						},
						"1.5833": {
							"vector": [-22.5, 0, 0]
						},
						"1.6667": {
							"vector": [-15, 0, 0]
						},
						"2.25": {
							"vector": [0, 0, 0]
						}
					}
				},
				"RightArm": {
					"rotation": {
						"0.0": {
							"vector": [0, 0, 0]
						},
						"0.25": {
							"vector": [-36.83829, 7.57131, 9.97528]
						},
						"0.5": {
							"vector": [-9.56481, 9.56929, 8.45554]
						},
						"0.75": {
							"vector": [-19.47586, 6.27354, -8.9007]
						},
						"1.0": {
							"vector": [-19.54624, -7.87411, -3.90309]
						},
						"1.375": {
							"vector": [-20.99613, 0.91103, 19.56972]
						},
						"1.75": {
							"vector": [-20.72063, 3.58482, 26.58296]
						},
						"1.9583": {
							"vector": [-9.69798, -22.05641, 27.03779]
						},
						"2.0833": {
							"vector": [15.982, 5.09169, 22.5589]
						},
						"2.4583": {
							"vector": [0, 0, 0]
						}
					}
				},
				"R_arm": {
					"rotation": {
						"0.0": {
							"vector": [0, 0, 0]
						},
						"1.375": {
							"vector": [0, 0, 5]
						},
						"2.25": {
							"vector": [0, 0, 0]
						}
					}
				},
				"staff": {
					"rotation": {
						"0.0": {
							"vector": [0, 0, 0]
						},
						"1.0": {
							"vector": [8.78987, -9.25983, 16.10515]
						},
						"1.375": {
							"vector": [24.05026, -2.30906, -12.72145]
						},
						"2.25": {
							"vector": [0, 0, 0]
						}
					},
					"position": {
						"0.0": {
							"vector": [0, 0, 0]
						},
						"1.0": {
							"vector": [0.81, 2.18, -1.45]
						},
						"1.375": {
							"vector": [3.5, 2.1, -2]
						},
						"1.75": {
							"vector": [6.9, 1.1, -2]
						},
						"1.875": {
							"vector": [-0.4, 1.1, -0.3]
						},
						"2.25": {
							"vector": [0, 0, 0]
						}
					}
				},
				"ten1": {
					"rotation": {
						"0.0": {
							"vector": [0, 0, 0]
						},
						"1.25": {
							"vector": [0, 15, 0]
						},
						"1.9583": {
							"vector": [0, -5, 0]
						}
					}
				},
				"ten2": {
					"rotation": {
						"0.0": {
							"vector": [0, 0, 0]
						},
						"1.25": {
							"vector": [5, 0, 12.5]
						},
						"1.9583": {
							"vector": [4.76968, 1.50179, -4.93745]
						}
					}
				},
				"ten3": {
					"rotation": {
						"0.0": {
							"vector": [0, 0, 0]
						},
						"1.25": {
							"vector": [0, 17.5, -15]
						},
						"1.9583": {
							"vector": [2.35666, 17.34551, -7.14048]
						}
					}
				},
				"LeftArm": {
					"rotation": {
						"0.0": {
							"vector": [0, 0, 0]
						},
						"1.0": {
							"vector": [-57.5, 37.5, 0]
						},
						"1.75": {
							"vector": [-50, 37.5, 0]
						},
						"1.875": {
							"vector": [-61.51977, 44.83331, 9.05577]
						},
						"1.9583": {
							"vector": [-36.52499, 38.96404, -9.55446]
						},
						"2.0833": {
							"vector": [-45.25638, 27.42391, -25.35206]
						},
						"2.4583": {
							"vector": [0, 0, 0]
						}
					}
				}
			}
		},
		"animation_walking": {
			"loop": true,
			"animation_length": 1.45833,
			"bones": {
				"Head": {
					"rotation": {
						"0.0": {
							"vector": [0, 0, 0]
						},
						"0.0833": {
							"vector": [2.5, 0, 0]
						},
						"0.5": {
							"vector": [7.5, 0, 0]
						},
						"0.625": {
							"vector": [0, 0, 0]
						},
						"0.9583": {
							"vector": [37.5, 0, 0]
						},
						"1.25": {
							"vector": [37.5, 0, 0]
						},
						"1.4583": {
							"vector": [0, 0, 0]
						}
					},
					"position": {
						"0.0": {
							"vector": [0, 0, 0]
						},
						"0.9583": {
							"vector": [0, 0, -1.9]
						},
						"1.25": {
							"vector": [0, 0, -1.9]
						},
						"1.4583": {
							"vector": [0, 0, 0]
						}
					}
				},
				"tentacle_bread": {
					"rotation": {
						"0.0": {
							"vector": [0, 0, 0]
						},
						"0.25": {
							"vector": [12.5, 0, 0]
						},
						"0.5": {
							"vector": [-2.5, 0, 0]
						},
						"0.625": {
							"vector": [0, 0, 0]
						},
						"1.1667": {
							"vector": [-60, 0, 0]
						},
						"1.375": {
							"vector": [0, 0, 0]
						}
					}
				},
				"Body": {
					"rotation": {
						"0.0": {
							"vector": [0, 0, 0]
						},
						"0.9583": {
							"vector": [12.5, 0, 0]
						},
						"1.25": {
							"vector": [-2.5, 0, 0]
						},
						"1.4583": {
							"vector": [0, 0, 0]
						}
					}
				},
				"RightArm": {
					"rotation": {
						"0.0": {
							"vector": [0, 0, 0]
						},
						"0.0833": {
							"vector": [2.84527, 14.76689, 2.66399]
						},
						"0.25": {
							"vector": [45.96065, 29.4444, 17.39394]
						},
						"0.5": {
							"vector": [-16.01722, 7.6865, 11.2986]
						},
						"0.625": {
							"vector": [0, 0, 25]
						},
						"0.9583": {
							"vector": [71.53816, 16.55246, 31.04585]
						},
						"1.25": {
							"vector": [71.2076, 20.29321, 37.89955]
						},
						"1.4583": {
							"vector": [0, 0, 0]
						}
					}
				},
				"LeftArm": {
					"rotation": {
						"0.0": {
							"vector": [0, 0, 0]
						},
						"0.0833": {
							"vector": [22.32648, 2.86313, -6.93488]
						},
						"0.25": {
							"vector": [-12.67352, 2.86313, -6.93488]
						},
						"0.5": {
							"vector": [31.78574, 6.84788, -13.31298]
						},
						"0.625": {
							"vector": [0, 0, 0]
						},
						"0.9583": {
							"vector": [0, 0, -22.5]
						},
						"1.25": {
							"vector": [0, 0, -22.5]
						},
						"1.4583": {
							"vector": [0, 0, 0]
						}
					}
				},
				"L_arm": {
					"rotation": {
						"0.0": {
							"vector": [0, 0, 0]
						},
						"0.9583": {
							"vector": [0, 0, 45]
						},
						"1.25": {
							"vector": [22.5, 20, 45]
						},
						"1.4583": {
							"vector": [0, 0, 0]
						}
					}
				},
				"RightLeg": {
					"rotation": {
						"0.0": {
							"vector": [0, 0, 0]
						},
						"0.0833": {
							"vector": [-12.5, 0, 0]
						},
						"0.25": {
							"vector": [12.5, 0, 0]
						},
						"0.5": {
							"vector": [-15, 0, 0]
						},
						"0.625": {
							"vector": [0, 0, 0]
						},
						"1.4583": {
							"vector": [0, 0, 0]
						}
					}
				},
				"LeftLeg": {
					"rotation": {
						"0.0": {
							"vector": [0, 0, 0]
						},
						"0.0833": {
							"vector": [22.5, 0, 0]
						},
						"0.25": {
							"vector": [-12.5, 0, 0]
						},
						"0.5": {
							"vector": [17.5, 0, 0]
						},
						"0.625": {
							"vector": [0, 0, 0]
						},
						"1.4583": {
							"vector": [0, 0, 0]
						}
					}
				},
				"adept_skirt": {
					"rotation": {
						"0.0": {
							"vector": [0, 0, 0]
						},
						"0.0833": {
							"vector": [2.5, 0, 0]
						},
						"0.25": {
							"vector": [5, 0, 0]
						},
						"0.5": {
							"vector": [-5, 0, 0]
						},
						"0.625": {
							"vector": [0, 0, 0]
						},