{
	"format_version": "1.8.0",
	"animations": {
		"animation.staff_of_obsessed_eyes.idle": {
			"loop": true,
			"animation_length": 1.33333,
			"bones": {
				"eye_on_chain": {
					"rotation": {
						"0.0": {
							"vector": [0, 0, 0]
						},
						"0.3333": {
							"vector": [15.50409, 14.47751, 3.96713]
						},
						"0.6667": {
							"vector": [0, 0, 0]
						},
						"1.0": {
							"vector": [-15.50409, -14.47751, 3.96713]
						},
						"1.3333": {
							"vector": [0, 0, 0]
						}
					}
				}
			}
		},
		"animation.staff_of_obsessed_eyes.summon": {
			"animation_length": 1.33333,
			"bones": {
				"eye_on_chain": {
					"rotation": {
						"0.0": {
							"vector": [0, 0, 0]
						},
						"0.3333": {
							"vector": [15.50409, 14.47751, 3.96713]
						},
						"0.6667": {
							"vector": [0, 0, 0]
						},
						"1.0": {
							"vector": [-15.50409, -14.47751, 3.96713]
						},
						"1.3333": {
							"vector": [0, 0, 0]
						}
					}
				},
				"eye": {
					"rotation": {
						"0.0": {
							"vector": [0, 0, 0]
						},
						"0.3333": {
							"vector": [5, 52.5, 0]
						},
						"0.6667": {
							"vector": [175.45825, 32.52585, -179.22692]
						},
						"1.0": {
							"vector": [12.916, -44.97942, -0.61529]
						},
						"1.3333": {
							"vector": [-23.86967, 34.56313, 22.9265]
						}
					},
					"scale": {
						"0.0": {
							"vector": [1, 1, 1]
						},
						"0.3333": {
							"vector": [0.7, 0.7, 0.7]
						}
					}
				}
			}
		}
	},
	"geckolib_format_version": 2
}