{
	"format_version": "1.8.0",
	"animations": {
		"idle": {
			"loop": true,
			"animation_length": 3.75,
			"bones": {
				"Tentacle": {
					"rotation": {
						"vector": [0, 0, 0]
					},
					"position": {
						"vector": [0, 0, 0]
					},
					"scale": {
						"vector": [1, 1, 1]
					}
				},
				"Down_part": {
					"rotation": {
						"0.0": {
							"vector": [0, 0, 0]
						},
						"2.25": {
							"vector": [0, 17.5, 0]
						}
					},
					"position": {
						"vector": [0, 0, 0]
					},
					"scale": {
						"vector": [1, 1, 1]
					}
				},
				"TP1": {
					"rotation": {
						"0.0": {
							"vector": [0, 0, 0]
						},
						"0.25": {
							"vector": [0, 0, 12.5]
						},
						"0.5": {
							"vector": [3.90399, -17.07228, -0.58619]
						},
						"0.75": {
							"vector": [10.90053, 23.35637, 18.66208]
						},
						"1.0": {
							"vector": [1.63598, 71.52592, 12.64605]
						},
						"1.25": {
							"vector": [155.09155, 66.13006, 164.37751]
						},
						"1.5": {
							"vector": [124.15672, 49.17945, 128.47749]
						},
						"1.75": {
							"vector": [121.10723, 14.41501, 133.04663]
						},
						"2.0": {
							"vector": [126.97546, -21.73728, 138.13612]
						},
						"2.25": {
							"vector": [134.39319, -37.00068, 123.20922]
						},
						"2.5": {
							"vector": [179.97304, -65.27629, 96.67546]
						},
						"2.75": {
							"vector": [202.21548, -57.06286, 51.94067]
						}
					},
					"position": {
						"vector": [0, 0, 0]
					},
					"scale": {
						"vector": [1, 1, 1]
					}
				},
				"TP2": {
					"rotation": {
						"0.0": {
							"vector": [0, 0, 0]
						},
						"0.25": {
							"vector": [7.38733, -1.29876, 29.91615]
						},
						"0.5": {
							"vector": [12.4881, -12.19946, 9.60877]
						},
						"0.75": {
							"vector": [28.14702, 2.8754, 32.27097]
						},
						"1.0": {
							"vector": [23.17806, 50.29858, 37.02888]
						},
						"1.25": {
							"vector": [109.31093, 57.53883, 117.97001]
						},
						"1.5": {
							"vector": [102.27656, 33.41046, 108.33188]
						},
						"1.75": {
							"vector": [103.72306, 10.6256, 119.04206]
						},
						"2.0": {
							"vector": [103.01736, -14.58331, 138.78896]
						},
						"2.25": {
							"vector": [101.24442, -38.80626, 131.77236]
						},
						"2.5": {
							"vector": [152.05277, -62.99726, 121.31505]
						},
						"2.75": {
							"vector": [212.75102, -68.85766, 15.56796]
						}
					},
					"position": {
						"0.0": {
							"vector": [0, 0, 0]
						},
						"0.25": {
							"vector": [1.5, 0, 0]
						},
						"0.5": {
							"vector": [0, 0, 0]
						},
						"0.75": {
							"vector": [2.2, 0, -1.7]
						},
						"1.0": {
							"vector": [2.2, 0, 0]
						},
						"1.25": {
							"vector": [1.5, 0, -2.1]
						},
						"1.5": {
							"vector": [-0.9, -1.1, -4.4]
						},
						"1.75": {
							"vector": [-0.9, -3.7, -6.5]
						},
						"2.0": {
							"vector": [-4, -6, -6.5]
						},
						"2.25": {
							"vector": [-6.4, -7.6, -4.9]
						},
						"2.5": {
							"vector": [-6.4, -7.6, -0.4]
						},
						"2.75": {
							"vector": [-6.3, -10.6, 1.1]
						}
					},
					"scale": {
						"vector": [1, 1, 1]
					}
				},
				"TP4": {
					"rotation": {
						"0.0": {
							"vector": [0, 0, 0]
						},
						"0.25": {
							"vector": [1.03509, 22.47741, 17.70569]
						},
						"0.5": {
							"vector": [-5.04707, 18.82943, -19.58859]
						},
						"0.75": {
							"vector": [9.60482, 30.37862, 8.3143]
						},
						"1.0": {
							"vector": [216.55157, 54.3565, 230.2153]
						},
						"1.25": {
							"vector": [155.40799, 60.67531, 168.41564]
						},
						"1.5": {
							"vector": [128.57429, 64.73948, 174.78636]
						},
						"1.75": {
							"vector": [88.16923, -9.8756, 136.22945]
						},
						"2.0": {
							"vector": [88.19448, 2.61815, 135.83285]
						},
						"2.25": {
							"vector": [88.13174, 15.11178, 135.42813]
						},
						"2.5": {
							"vector": [93.33445, -25.0727, 191.58489]
						},
						"2.75": {
							"vector": [95.25234, -43.14597, 123.57913]
						}
					},
					"position": {
						"0.0": {
							"vector": [0, 0, 0]
						},
						"0.25": {
							"vector": [9, -0.7, -0.8]
						},
						"0.5": {
							"vector": [1.9, 0.7, -2.6]
						},
						"0.75": {
							"vector": [8.2, -2.9, -10.2]
						},
						"1.0": {
							"vector": [10.1, -1.1, 2.4]
						},
						"1.25": {
							"vector": [6.9, -1.1, -5.3]
						},
						"1.5": {
							"vector": [4.1, -4.9, -14.2]
						},
						"1.75": {
							"vector": [5.5, -11.4, -18]
						},
						"2.0": {
							"vector": [-0.5, -19.4, -20]
						},
						"2.25": {
							"vector": [-5.5, -23.4, -18]
						},
						"2.5": {
							"vector": [-13.4, -19.2, -10.2]
						},
						"2.75": {
							"vector": [-13.3, -32.9, -1.7]
						}
					},
					"scale": {
						"vector": [1, 1, 1]
					}
				},
				"TP3": {
					"rotation": {
						"0.0": {
							"vector": [0, 0, 0]
						},
						"0.25": {
							"vector": [0, 0, 35]
						},
						"0.5": {
							"vector": [0, 0, -2.5]
						},
						"0.75": {
							"vector": [45, 5, 37.5]
						},
						"1.0": {
							"vector": [-41.14052, 64.81855, -0.56238]
						},
						"1.25": {
							"vector": [83.72497, 63.65778, 102.10816]
						},
						"1.5": {
							"vector": [86.55232, 36.24494, 105.69601]
						},
						"1.75": {
							"vector": [72.76874, 27.09066, 119.01747]
						},
						"2.0": {
							"vector": [74.60448, -6.58555, 128.86568]
						},
						"2.25": {
							"vector": [79.60448, -6.58555, 128.86568]
						},
						"2.5": {
							"vector": [106.24052, -28.74227, 155.02509]
						},
						"2.75": {
							"vector": [149.01491, -55.36246, 71.87127]
						}
					},
					"position": {
						"0.0": {
							"vector": [0, 0, 0]
						},
						"0.25": {
							"vector": [5.7, 0, -0.6]
						},
						"0.5": {
							"vector": [2, 0.8, -2]
						},
						"0.75": {
							"vector": [6.3, 0.4, -5.7]
						},
						"1.0": {
							"vector": [7.5, -0.7, 0.4]
						},
						"1.25": {
							"vector": [6.7, -0.7, -3.3]
						},
						"1.5": {
							"vector": [3.8, -2.7, -10.5]
						},
						"1.75": {
							"vector": [3.8, -7.6, -13.7]
						},
						"2.0": {
							"vector": [-0.5, -12.5, -15.1]
						},
						"2.25": {
							"vector": [-5.5, -16.5, -13.1]
						},
						"2.5": {
							"vector": [-9.3, -14.7, -6.3]
						},
						"2.75": {
							"vector": [-9.3, -23.7, -1.3]
						}
					},
					"scale": {
						"vector": [1, 1, 1]
					}
				}
			}
		}
	},
	"geckolib_format_version": 2
}